{
    "accuracy": 0.7628,
    "precision": 0.7637661266187011,
    "recall": 0.7627999999999999,
    "f1_score": 0.7582091316542187
}

//shadow attack on clean dataset
{
    "ThrA": {
        "accuracy": 0.7191142857142857,
        "precision": 0.7183783939420114,
        "recall": 0.998,
        "f1_score": 0.8354120975707756
    },
    "ThrB": {
        "accuracy": 0.7407714285714285,
        "precision": 0.741325494711961,
        "recall": 0.97852,
        "f1_score": 0.8435662683839377
    }
}

// RMIA attack on clean dataset
{
    "VarA": {
        "accuracy": 0.7033714285714285,
        "precision": 0.7605889903023388,
        "recall": 0.85332,
        "f1_score": 0.8042904539285176
    },
    "VarB": {
        "accuracy": 0.7214285714285714,
        "precision": 0.7544210877544211,
        "recall": 0.9044,
        "f1_score": 0.8226305257413135
    }
}

// DP on shadow attack
{
    "ThrA": {
        "accuracy": 0.5132857142857142,
        "precision": 0.7131160699951838,
        "recall": 0.53304,
        "f1_score": 0.6100670680065008
    },
    "ThrB": {
        "accuracy": 0.3629428571428571,
        "precision": 0.7081472354843678,
        "recall": 0.18392,
        "f1_score": 0.2920013971358715
    }
}

// DP on RMIA attack
{
    "VarA": {
        "accuracy": 0.5133714285714285,
        "precision": 0.7131160699951838,
        "recall": 0.53304,
        "f1_score": 0.6100670680065008
    },
    "VarB": {
        "accuracy": 0.3629428571428571,
        "precision": 0.7081472354843678,
        "recall": 0.18392,
        "f1_score": 0.2920013971358715
    }
}