{
  "after_attack": {
    "shadow_conf_f1_thr_0.265": {
      "accuracy": 0.6667333333333333,
      "precision": 0.6668445986521652,
      "recall": 0.9994,
      "f1": 0.7999359667026854
    },
    "shadow_margin_f1_thr_0.000": {
      "accuracy": 0.6666666666666666,
      "precision": 0.6666666666666666,
      "recall": 1.0,
      "f1": 0.8
    },
    "rmia_rf100": {
      "accuracy": 0.5472,
      "precision": 0.7022953714213646,
      "recall": 0.55685,
      "f1": 0.6211724022533326
    },
    "rmia_rf200": {
      "accuracy": 0.5567333333333333,
      "precision": 0.706418627571763,
      "recall": 0.5734,
      "f1": 0.632996632996633
    }
  },
  "after_defense": {
    "shadow_conf_f1_thr_0.200": {
      "accuracy": 0.6667333333333333,
      "precision": 0.6667778296538385,
      "recall": 0.9997,
      "f1": 0.7999839955187452
    },
    "shadow_margin_f1_thr_0.000": {
      "accuracy": 0.6666666666666666,
      "precision": 0.6666666666666666,
      "recall": 1.0,
      "f1": 0.8
    },
    "rmia_rf100": {
      "accuracy": 0.5200666666666667,
      "precision": 0.6820249545100078,
      "recall": 0.52475,
      "f1": 0.5931389171470555
    },
    "rmia_rf200": {
      "accuracy": 0.5269333333333334,
      "precision": 0.684968152866242,
      "recall": 0.5377,
      "f1": 0.6024649859943978
    }
  }
}