{
    "clean_model": {
        "clean": {
            "accuracy": 0.8932,
            "precision": 0.8959347465625802,
            "recall": 0.8931999999999999,
            "f1": 0.892522243336138
        }
    },
    
    "adversarial_attack": {
        "fgsm_4": {
            "accuracy": 0.454,
            "precision": 0.5617950221705271,
            "recall": 0.454,
            "f1": 0.45022342891102224
        },
        "fgsm_8": {
            "accuracy": 0.4006,
            "precision": 0.5094695714214705,
            "recall": 0.4006,
            "f1": 0.3972653014074621
        },
        "pgd_4_5": {
            "accuracy": 0.3354,
            "precision": 0.44299466153214845,
            "recall": 0.33540000000000003,
            "f1": 0.32573459688798895
        },
        "pgd_8_10": {
            "accuracy": 0.2532,
            "precision": 0.3385863651901202,
            "recall": 0.25320000000000004,
            "f1": 0.23960585269590845
        }
    },
    "defense_model": {
        },
        "fgsm_4": {
            "accuracy": 0.8016,
            "precision": 0.8061699195223884,
            "recall": 0.8015999999999999,
            "f1": 0.8010393563088012
        },
        "fgsm_8": {
            "accuracy": 0.795,
            "precision": 0.799423919685341,
            "recall": 0.795,
            "f1": 0.7942591617252079
        },
        "pgd_4_5": {
            "accuracy": 0.7543,
            "precision": 0.7593007153025059,
            "recall": 0.7543,
            "f1": 0.7532425718617386
        },
        "pgd_8_10": {
            "accuracy": 0.6789,
            "precision": 0.6836263995499248,
            "recall": 0.6789,
            "f1": 0.6770308521549372
        }
    }
